pos,m_r1,m_r2,passed
4,7521.0,6174.0,4789.0
5,7550.0,6664.0,5386.0
6,5572.0,7054.0,3742.0
7,16497.0,19140.0,15664.0
8,18116.0,19706.0,15968.0
9,24355.0,23245.0,19924.0
10,16644.0,14236.0,12057.0
11,15218.0,16444.0,13561.0
12,11646.0,11751.0,9498.0
13,32932.0,28228.0,26626.0
14,28648.0,26599.0,24908.0
15,42109.0,47236.0,36812.0
16,58511.0,24862.0,21713.0
17,28401.0,28607.0,25995.0
18,22961.0,19387.0,16915.0
19,14728.0,28035.0,13674.0
20,14776.0,18830.0,13745.0
21,19721.0,29281.0,18183.0
22,19559.0,15527.0,14765.0
23,21522.0,16866.0,15386.0
24,11779.0,11596.0,10008.0
25,23353.0,24806.0,21264.0
26,26208.0,21743.0,19531.0
27,30168.0,28418.0,25724.0
28,28409.0,19080.0,15833.0
29,25066.0,20621.0,19241.0
30,12184.0,12699.0,10771.0
31,11533.0,14596.0,10360.0
32,10236.0,10760.0,8860.0
33,16998.0,15631.0,12671.0
34,13046.0,12279.0,10340.0
35,16093.0,10428.0,8106.0
36,17151.0,21861.0,10641.0
37,24331.0,12283.0,9790.0
38,16371.0,11931.0,7718.0
39,20110.0,13585.0,11525.0
40,11921.0,11114.0,8713.0
41,18596.0,23815.0,8636.0
42,37683.0,24539.0,8084.0
43,18172.0,17380.0,14600.0
44,23522.0,16734.0,15144.0
45,22460.0,23815.0,20147.0
46,5966.0,5089.0,3509.0
47,29687.0,3541.0,3000.0
48,6351.0,8338.0,4833.0
49,8943.0,5831.0,4466.0
50,6224.0,8913.0,5685.0
51,9448.0,8915.0,7327.0
52,6465.0,3656.0,2925.0
53,10126.0,7214.0,3426.0
54,10548.0,5004.0,3890.0
55,16380.0,9959.0,9291.0
56,12847.0,15168.0,11464.0
57,16883.0,10675.0,8781.0
58,18088.0,8215.0,7868.0
59,9951.0,8378.0,7719.0
60,6185.0,5894.0,4210.0
61,21719.0,25920.0,17388.0
62,23225.0,26725.0,20393.0
63,19143.0,16364.0,12833.0
64,17597.0,13629.0,12158.0
65,23610.0,23312.0,14071.0
66,18118.0,22999.0,16345.0
67,26496.0,15119.0,13107.0
68,17942.0,13315.0,11365.0
69,20089.0,9179.0,8067.0
70,21875.0,16824.0,16242.0
71,18440.0,14790.0,12827.0
72,59330.0,25434.0,23117.0
73,22109.0,18260.0,14746.0
74,17033.0,17598.0,13485.0
75,21664.0,23249.0,18945.0
76,15428.0,64197.0,12211.0
77,22082.0,16891.0,11950.0
78,17787.0,21802.0,15782.0
79,23422.0,13906.0,13196.0
80,18221.0,15399.0,12813.0
81,14720.0,11572.0,10883.0
82,17643.0,20451.0,15890.0
83,19141.0,20259.0,17339.0
84,21126.0,22992.0,20479.0
85,16653.0,17140.0,15020.0
86,22160.0,19596.0,16611.0
87,23124.0,25537.0,22115.0
88,17491.0,18992.0,16899.0
89,15634.0,17438.0,14989.0
90,25865.0,23926.0,22200.0
91,16428.0,16763.0,10159.0
92,13212.0,16554.0,10177.0
93,24421.0,7597.0,6276.0
94,28415.0,16185.0,10507.0
95,19566.0,12391.0,11810.0
96,89621.0,19553.0,17772.0
97,17378.0,22745.0,15789.0
98,18265.0,18400.0,15396.0
99,16374.0,12311.0,10364.0
100,13112.0,11113.0,10367.0
101,16489.0,10995.0,9880.0
102,19444.0,17474.0,15957.0
103,17048.0,19491.0,14463.0
104,14917.0,16867.0,14231.0
105,20500.0,22042.0,18859.0
